noauteur;name;username;email
1;AOUKA Michel;aouka;aouka@ratp.fr
2;AZINCOURT Claude;azincourt;azincourt@ratp.fr  
3;BAEYENS Jean alain;baeyens;baeyens@ratp.fr
4;BANEUX Lucienne;baneux;baneux@ratp.fr
5;BEAUSON Habib;beauson;beauson@ratp.fr
6;BEN MOHAMMED Nadia;ben mohammed;benmohammed@ratp.fr
7;BENABADJI Isabel;benabadji;benabadji@ratp.fr
8;BERGE Pascal;berge;berge@ratp.fr
9;BERRY Dominique;berry;berry@ratp.fr
10;BERTHOLLET Amaria;berthollet;berthollet@ratp.fr
11;BERTRAND Hoai thu;bertrand;bertrand@ratp.fr
12;BESNARD Daniele;besnard;besnard@ratp.fr
13;BLOSSEVILLE Yves;blosseville;blosseville@ratp.fr
14;BOUNAKHLA Isabelle;bounakhla;bounakhla@ratp.fr
15;BOURDIN Valerie;bourdin;bourdin@ratp.fr
16;BOURGEOIS Mireille;bourgeois;bourgeois@ratp.fr
17;BOURGUIGNON Cyril;bourguignon;bourguignon@ratp.fr
18;BOUTIN Nathalie;boutin;boutin@ratp.fr
19;BOUVIER Valerie;bouvier;bouvier@ratp.fr
20;BOUYER Gustave;bouyer;bouyer@ratp.fr
21;MARY Stephane;mary;mary@ratp.fr
22;BRIOUDE Pascale;brioude;brioude@ratp.fr
23;BUKOVEC Lucien;bukovec;bukovec@ratp.fr
24;CALCAGNO Sylvie;calcagno;calcagno@ratp.fr
25;CAPON Flavie;capon;capon@ratp.fr
26;CAPPELLO Jose;cappello;cappello@ratp.fr
27;CARDON Rene;cardon;cardon@ratp.fr
28;CARISTAN Eric;caristan;caristan@ratp.fr
29;CARON Martine;caron;caron@ratp.fr
30;CARRERES Cheik;carreres;carreres@ratp.fr
31;CASTELLO Christelle;castello;castello@ratp.fr
32;CATALA Yannick;catala;catala@ratp.fr
33;CHAMPIE Christine;champie;champie@ratp.fr
34;CHAPUIS Valerie;chapuis;chapuis@ratp.fr
